UID,用户名（共有901位）,关注日期,签名
56093,红R,2020-08-25 02:29:18,闲杂物录制的自娱自乐主义，边缘格斗、Gal玩家。TLS系列爱好者。有望朝关服游戏纪念馆发展……_(:з」∠)_
110685,异虫都是天然呆,2025-02-12 12:21:43,
204516,萌神の骚狐狸,2025-01-15 15:35:37,2000年入二次元，现已25年了。 励志做B站知名up主，传播正能量！
210204,炼金娘,2025-01-26 02:03:13,各平台ID：炼金娘   wb：一键变身炼金娘  疯狂世界，为爱而生
284123,陆九Kari,2025-01-09 16:52:18,陪伴是最长情的告白
308124,catzz,2024-12-31 23:33:31,自由小画师 微博@脑袋_catzz 推特@2gonode pixiv id=1056186 
482504,gtlk,2025-01-15 14:40:37,
487273,宫代切丝Official,2018-10-19 18:48:51,空有烟霞志，叹无水云身。
507077,GJun、,2024-12-24 18:50:31,
622629,罪民,2025-01-17 18:38:35,一个喜欢动漫的人，求同好
741500,Nearmus,2025-01-10 16:30:27,这个人很懒，什么也没有留下
1302804,污卬王与罗宾,2025-02-26 07:12:52,
1450803,Manawalker,2025-02-08 18:29:52,
1463871,FLAME BUSTER,2021-01-07 17:25:13,
1537092,一条鲸龙,2023-01-04 17:08:24,游戏玩家，程序猿。
1556812,鲨柴的老父亲,2025-01-01 16:34:25,
1764851,HWL丶,2025-01-17 18:44:42,
1767130,hbpzero,2025-01-29 17:31:29,
1789141,云隨影,2022-10-01 10:04:02,
1801946,现代易拉罐,2025-01-10 01:50:43,2011年开始看动画
1927460,熊阿葱,2025-01-17 18:38:23,五颜六色的甜甜，超越了时间。
2038166,小悠___,2025-02-28 04:20:16,
2172545,不慌先生,2025-02-28 13:29:09,
2358269,阿晓_Malou,2025-01-18 14:17:53,
2665563,假面Fafa,2024-12-24 16:28:48,爱国主义是流氓最后的庇护所。--卢梭
2729523,始祖之男,2025-02-26 19:32:48,那年我揪住了一只蝉，我以为揪住了整个夏天，没想到蝉说：“不爱，请别揪蝉。”
2971402,米库月,2025-03-01 09:12:32,
2998415,Erzy,2025-01-27 08:12:27,爱打游戏的猫猫铲屎官
3542041,villect,2025-02-08 23:41:02,
3627916,oO怪蜀黍Oo,2025-02-24 18:06:50,认识的人越多，我就越喜欢狗。
3943822,-yang_yang-,2025-01-02 22:24:26,索尼大法好
4098782,星野綾乃Ayanya,2025-01-27 13:11:32,我是孤独的，承蒙不弃。全职个人势套皮w鬼屋休息室：369776137
4105704,即成贤者魔法师的男人,2021-07-10 22:17:25,
4113045,yuLZERI,2021-01-06 01:23:07,隐忍
4272126,言熙熙GenKi,2025-01-20 01:00:36,非全职个猫势丨喜欢唱歌和打游戏丨很高兴认识你喵(๑`▽´๑) 
4326210,若筆傾顏,2025-02-14 07:12:14,
4570169,夜棂枫,2025-01-17 18:27:38,
4684496,丷浅眠,2024-12-19 19:07:14,专注手残100年....
5432755,FIshBonE-1,2025-02-06 19:30:29,嗷
5676097,OFF91,2021-04-01 21:17:24,请继续挣扎。
5684152,揮劍灬問情,2025-01-12 12:56:55,
5825787,血睨,2025-01-27 23:00:07,一个庸人
5912025,代号X_X,2024-12-21 19:08:20,
6050142,神圣牛马帝国骑士团长,2025-02-27 20:31:26,華圾一生黑
6751924,吼吼吼yyyy,2025-01-26 17:21:44,关注必回
7005096,赛博狐狸,2025-02-24 12:45:24,
7269528,丫丫要起飞,2025-01-10 00:10:10,
7281622,Moonavee,2023-04-17 22:15:58,
7699959,浅梦影阴,2025-01-12 03:59:19,
8204296,snowmatch,2025-01-14 22:42:59,二次元旅行者  记录者兼观测者  目前坐标位于深脊界跳亜区域深度探索中。 近期新增次元坐标：来自深渊；明日方舟终末地。
8280403,丶我只想静静好嘛,2025-01-18 14:16:46,
8322599,思思思思考就是,2025-02-14 00:53:13,
8329603,才小源,2025-02-26 22:54:17,
8357794,Ryouta_Pa0,2025-01-08 16:57:41,个人势画师，暂不接稿
8575080,松本润の空调遥控器,2024-12-24 19:45:21,
8579274,你耄耋,2025-01-28 11:50:10,
9311725,阿玉hhh,2025-02-13 17:38:30,
10082386,阿丹君,2025-02-22 23:26:48,
10510369,a545961738,2025-02-28 11:22:43,我的H后宫家族
10836040,kaolasarah,2025-01-21 12:55:18,
10859026,比格犬班尼弟弟,2025-02-12 17:24:28,不知名逼格犬班尼弟弟
11023931,ql5404543,2025-02-25 19:24:33,我的就是我的
11829089,抽不到黑贞的十三桑,2025-02-08 16:36:19,累。
11841290,楠楠子Nanako,2025-02-23 15:04:51,
12119617,0805号雅马哈摩托车,2025-01-16 21:00:37,
12202618,人儿兒,2022-01-26 03:18:01,
12488532,Rheincn,2025-01-29 09:11:59,
12858920,拿什么都捣蛋,2024-12-26 18:29:28,
13065007,不董觉厉,2025-02-22 10:14:28,
13403666,我知道昵称已存在,2025-01-15 15:23:14,最怕时光浓了你的妆
13769139,密度与质量,2020-12-05 13:53:38,手心的温度通往心脏，会告诉你内心最真实的反映 ╭(╯^╰)╮
13795772,玖肆柒Carlos,2025-01-09 18:37:19,或许这个人很有趣吧
13937009,画画的恐龙,2025-02-03 11:20:14,嗯，反正是恐龙就对了。
14131119,木之桃吉,2021-04-07 20:40:37,
14210338,丨LU丨,2025-01-17 19:08:49,
14274510,啊两,2025-02-15 13:20:21,
14337427,无聊小猫,2023-05-12 18:34:34,
14919552,鲸鱼cetacean,2025-01-21 14:21:16,
14967418,小虎敢浪心态棒,2025-02-11 16:31:15,
15056194,我是雨柔呀_,2025-02-26 20:00:57,
15433174,蛙牛仔仔,2025-01-12 22:13:04,我是来B站学习的！
15700271,灯灯睡大觉,2025-01-29 18:52:54,
16340962,不开车温文尔雅,2025-02-10 16:37:26,恢复更新，不断学习中，喜欢的朋友就点个关注吧，一起进步
17400053,烈焰之熵,2025-02-10 20:55:27,唯力量和知识不能辜负
17988694,Jason1010,2025-02-08 20:05:24,
18285124,Youotaku-宅宅子-,2025-01-29 16:52:41,游戏动画师，一般路过小镇作画家。 业余三流勋赏钱币中古收藏家。 约稿私，全平台同名，主发p站，不怎么运营阿B。 咱水友群:441231763
18318857,摊鸡蛋的云虎,2023-02-25 10:35:18,耿鬼
20351075,月白桂梨风雪落,2025-01-10 20:49:24,
20553395,毛静养,2025-02-12 18:41:51,
20575250,山海-诵歌,2025-01-20 12:35:14,元气唱见！是青鸾！喜欢什么歌分享给我吧！！希望每天都开心唱歌！回放请看@山海-诵歌录播组
20821515,LoveShala,2025-01-24 08:11:03,
20915371,一只汪熊,2022-10-19 15:03:10,
20956575,亲亲的风子,2024-12-26 19:29:21,
21441859,自在绝伦吴沛卓,2025-02-06 21:33:53,康复龙 群博龙 斯腾博龙 宝丹酮 曲托龙 屈他雄酮 庚酸群博龙 庚酸睾酮 庚酸屈他
21670536,尘与楠哦,2025-01-10 17:02:37,只为分享自己的快乐，在下愚骑
23247392,SilverK阳酱,2025-02-13 01:54:34,Piu Piu
23569660,duantutu,2025-01-13 15:12:34,
23616959,WH_RIGHT,2025-02-21 19:24:04,这个人很勤快，但什么都没留下( ˙-˙ )
24085105,小蓝牛,2025-01-12 15:36:03,
24353872,魔芋ing,2020-10-24 13:34:33,
25088337,鮟鱇盐鱼,2025-02-22 20:00:48,雷达杀虫剂，对绿头苍蝇、蟑螂、地耗子等，有奇效！
25510007,老刘我啊今年要失业喽,2025-02-18 13:24:51,
26020632,应小波,2020-09-06 14:46:36,
26238753,孟津10,2023-01-13 02:43:02,过于丰富 无法概括
26475586,兔头蛋糕分发专员086,2025-02-21 11:43:44,
27017243,-昵称不存在,2024-12-25 08:05:40,这个人很懒什么也没留下。
27213135,Monster_Wolf丶怪狼,2025-02-06 09:46:12,fps爱好者，求观众老爷们订阅一下⁄(⁄ ⁄ ⁄ω⁄ ⁄ ⁄)⁄
27984735,xtreme555,2025-02-06 19:26:14,不定期更新玩具重涂和分享视频，觉得好的话投币 收藏 转发和关注，谢谢！！
28679451,梁兴旺77,2025-02-27 20:42:14,这个人很神秘，什么都想写
28733325,啵啵鸡小宝,2025-01-12 19:02:33,
29035938,青蒿冰淇淋,2025-01-19 00:09:14,
29123654,天使的筷子,2022-11-29 22:49:31,平复望眼  界上独树
29145861,披着战袍的超级马里奥,2025-01-27 12:16:31,
30727935,托尼大柱,2025-01-02 22:12:23,
31270057,灵魂火花灵魂火花,2025-01-25 14:58:40,我是王志豪
31271661,锦轩瑕今朝祈,2025-02-05 10:26:08,
31797205,街口-有落,2024-12-28 23:26:17,
32639768,Yell0WStaRv,2025-02-28 16:05:24,又来看?来了？
33370327,泰深满嘴长牙,2025-02-05 18:37:13,
33382116,时间旅人A,2020-08-07 07:28:03,
34198721,三三昵,2025-01-31 12:20:52,
35306837,等待_希望_,2025-02-11 17:19:25,
35661178,LOPE1024,2024-12-28 04:10:57,
36782729,晴天助666,2025-02-27 17:13:09,
36991787,chunrui,2025-02-19 14:40:22,
37710593,nmnn12,2025-01-24 23:24:02,
37957466,上官铁柱儿,2025-01-18 23:13:06,我很懒什么都没有
38016758,歌姬灬美九,2025-01-02 16:52:49,大家有什么好看的番可以介绍给我哦
38150901,分手大师张国栋,2025-02-12 19:08:24,各种女神我们 必 拿 下 ！
38461390,Vongolaprime,2025-02-12 15:10:31,
39081108,雾雪0v0,2024-12-25 19:43:24,2017MVP，2018MVP第二名，2019MVP，去年洲际赛的克烈，今年洲际赛的潘森，那个男人
39104778,一统天下的司马,2020-07-19 06:03:27,一统天下的司马
39149225,明早要吃大大大虾饺,2020-11-28 09:25:51,
39197947,_先森范er,2025-02-10 13:06:08,
39694416,Wuli_cuter,2025-02-16 01:23:00,能帮忙的好心人可以加我QQ：2240433758 希望广大网友能帮帮我，感谢
39713886,灰见,2021-05-01 08:04:23, 
41301101,yizhiyuid,2025-01-13 18:25:42,记录几只流浪猫的日常。
43215745,判定太过水,2021-07-18 09:55:02,
43301234,请叫俺萌新,2025-02-28 17:48:57,
43748149,咸到发霉的咸鱼,2025-02-01 13:51:33,
44141985,元元大魔王y,2025-02-22 00:51:58,
44486832,smokeymocky,2025-01-19 09:32:32,
44576662,s4me,2025-01-07 11:27:00,
45078510,皮卡卡鲲,2025-02-28 18:57:34,
45510661,今儿读书了吗,2024-12-20 19:13:41,
46343953,蓝宝石狐狸,2025-02-24 19:00:12,
47383591,宸宇-bili,2023-02-23 19:26:50,技术美术～还是个小号
50499458,阿波罗好棒,2025-01-20 21:00:13,
54472109,星空の瑞,2020-07-20 13:06:10,
55436145,孤独时代的衬雨彡,2025-02-07 00:43:58,
57582601,旧时容貌,2025-02-15 20:44:57,
59479787,肝鱼の奇妙夜,2025-02-18 17:06:18,=_=?！
64898734,左府易啊,2025-01-08 12:30:11,.。。
65467413,苏梦枚,2025-02-05 22:23:17,乐子人终成乐子
65678913,零小瞄,2025-02-12 13:43:28,
68346008,竹小乐666,2025-02-13 00:40:42,
69854463,新会老实人,2025-01-11 03:49:17,
70449115,自律小胖子丶,2024-12-20 18:54:43,
72188889,ningjian,2025-01-26 23:40:42,
74036702,Freak2333,2025-02-06 19:25:13,
74208555,裂裂了,2025-01-17 18:27:32,
75047082,时间演化算符,2021-02-13 19:57:08,
76436656,玖兰优姬会长,2025-02-26 17:01:03,想看视频的可以加群哦！
78598173,黄金绿毛虫mega进化,2025-02-18 17:42:35,我正在努力学习pk···
85824230,名字双没了,2023-01-01 15:53:43,
86204369,墨云梓白,2025-02-12 20:03:57,劳动是人生产资源的主要方法 而决定如何使用资源便是权利
86759402,dongllovey,2025-02-12 22:54:43,闲云野鹤
87434128,__异端控,2025-02-14 11:05:51,努力努力再努力！
87735653,逆风512,2024-12-18 19:46:00,
88449863,妍嫣Kylin,2025-01-17 18:50:07,既见君子，云胡不喜
88841891,草旒木,2023-01-21 23:00:04,这是谁的账号呢
89981338,你的糖葫芦呀,2025-02-21 21:14:02,
91801378,王安心在摸鱼,2025-01-20 10:46:12,QQ四群645597900，B站直播详见周表。 随缘掉落播LOL
92211077,逍丶遥丿自丶在,2018-05-21 17:24:43,嘤嘤嘤～
92422384,苦椰子汁,2025-01-16 22:12:51,不知道 
93284701,凌动心灵,2025-01-12 15:31:53,
95785903,MechaGirFirefly,2025-01-06 05:54:16,我梦见一片焦土，一株破土而生的新蕊，他迎着朝阳绽放，向我低语呢喃........飞萤扑火，向死而生
97482792,bilikingjh,2024-12-24 17:49:12,
98796131,请叫我泡泡不是胖胖,2025-02-07 22:08:42,
99444989,joanst,2025-02-16 20:04:23,
100670949,CageCCC,2025-02-09 12:55:14,哎，。你真没看出来？
102813856,YZeFeng,2025-02-11 12:37:36,
103302481,nabqi,2025-01-17 18:27:30,
103452130,_l浮生若梦l_,2025-02-15 18:46:25,这个人懒死了，什么都没有写ರ_ರ ...
104227161,稚客,2025-02-18 20:56:14,路漫漫其修远兮，吾将上下而求索。
107751110,YANG寻星,2025-02-01 13:32:03,
111797981,SHIbiubiu-,2025-01-20 00:32:12,换号了 看关注
130107505,普普通通王语嫣,2025-02-07 14:56:17,
130715546,bonnechance-j,2025-01-10 14:41:38,
131276684,六道死神-ldss,2023-01-06 01:41:42,すーぱーそに子ー私の妻
131551353,天降激素,2025-02-08 21:40:58,
138008074,大寒阿,2025-02-27 15:51:08,
146726955,沙耶花开,2022-02-14 18:09:18,
150410841,知兮_上学版,2025-01-19 23:10:18,聊天/占卜/游戏/唱歌，啥都沾点，关注不亏～直播时间:每晚10:00～1:00，粉丝群:qq184544105
156606025,白汉醒,2024-12-20 19:13:31,遇到自我为中心的低能儿，会直接拉黑
157388493,鱼酱宝贝_FlyingFish,2025-02-09 21:45:13,2013年游戏主播，LOL十一年 万场白银 25岁无业游民 单纯小孩 坏女人勿扰 六年重度【抑】患者，双向情感障碍，害怕落差。 发病期见谅！
157441517,碧蓝指挥官丶圣枫,2020-07-06 11:42:53,
163924139,我是你阿牛哥,2025-02-24 12:15:12,
168004576,雨中月ly,2023-04-26 11:50:47,什么？你也是狂野派啊
169347357,魂醒天绝,2024-12-19 22:44:36,编辑个性签名
172414783,是七月啊丶,2025-02-18 23:19:56,
177769495,Shavarsh,2025-02-27 20:27:36,2333
177945215,RAIN-0532XY,2025-02-06 21:00:19,黎明
178649297,dhdysbg,2025-02-25 18:19:59,我真的很想改昵称
179613039,历战王波加曼,2025-02-20 02:31:31,希望进来我主页的你每一天都开心
179922259,all_mind,2022-12-14 20:33:58,
182796364,曲哈哈哈哈,2025-02-24 14:21:01,
185390246,QxtNB,2025-02-26 19:23:19,愿世界和平
185486863,争执就是你对,2025-02-24 12:29:08,
186900140,天寒_ABlueSky,2025-01-23 00:13:35,只是摆烂而已
189147818,半钟橙,2025-02-01 12:35:34,鸵鸟差不多得了
190830983,地蛋炒饭功夫兔,2025-02-11 14:45:55,
193098436,阿杰曾爱,2025-01-17 17:32:17,在风里，在雨里，你的雨伞吹翻过去。
194391691,隐痗,2019-10-04 02:36:43,
194415941,半_妖,2025-02-28 08:48:28,
199388025,随缘先生哦,2025-02-07 01:43:35,无聊呀
202208202,变奏得梦想,2022-12-24 02:31:21,是陷入自我怀疑的漩涡里面越来越深……
207844319,死神-柯南s,2025-01-29 21:18:15,纵有南风起，人生不言弃。
212230721,安娜凯瑟琳,2025-02-13 14:42:45,
214377665,爱男孩脚丫,2025-02-17 20:24:13,
221546814,统族王,2024-12-22 14:42:59,在黑暗中走向光明
226934851,小夕-自由版,2025-01-19 18:29:46,那个说话温柔，唱歌很甜的姐姐。
228342947,懵圈的土拨鼠,2018-06-04 17:39:51,^～^
230799952,沉梦昂志love,2025-01-11 01:25:56,
232683055,价值6硬币のid,2025-02-04 07:53:12,来自地平线外的打击( ´_ゝ｀)
233643114,愤怒的152,2025-02-23 19:17:01,
235093816,颜珂啊啊,2025-02-19 23:35:10,
239174695,我是谁啦呢,2024-05-15 02:11:45,
240485876,烨悦曦,2025-02-07 00:33:14,
245850622,星空海的凝望,2024-12-26 19:29:25,
248935672,离一-_-,2025-02-20 12:45:30,
251299712,长夜萧瑟,2025-01-19 09:27:02,
251507744,BotolRin,2025-01-19 13:20:20,
252243946,很爱Messi,2025-02-19 22:26:14,
254057283,你看那漫山遍野o,2025-01-23 17:33:35,
254564228,轩辕无极xy,2024-12-26 19:02:13,剑在手，壶中酒，剑断红尘战不休。道在前，心中剑，破断迷茫前路现。
254640175,北洋舰队1888,2020-11-16 02:18:08,
255269139,我的建议是润,2025-02-20 19:10:37,扣1送小糖果
255891098,Adsediks,2025-02-06 21:48:33,RJ310513
259128542,Reeses,2025-01-17 18:46:44,
261656596,Holoera琥珀,2025-02-18 10:09:18,
266122663,偷着哭的胖脸,2025-01-29 07:07:34,
267495134,熙狸-789,2025-01-19 17:57:46,有猫无孩多声线兼具搞怪实力一大女的，大多数时候嘴毒且颠...
269477501,明国吴少,2021-01-22 01:55:14,现已经加入爱发电
270281524,lijinxua小宁,2025-02-11 15:26:29,看了帅哥美女就是心情愉悦
270361472,孽海流转,2025-01-09 18:11:51,
271585120,86姬,2020-12-03 21:59:08,秋名的幽灵，最快的86
278582717,白鸟座鼬,2024-12-21 19:20:20,
284831973,哦遇见了胜利,2025-02-27 17:52:51,
286411290,厄尔斯特S,2025-01-18 16:08:11,
287486886,bilibili獵聖,2025-01-28 07:23:18,
288702649,-木未成舟-,2025-01-16 17:05:54,拖延症晚期患者，喜欢思考、热爱生活~
289973011,-Oi侠-,2025-01-30 13:22:15,
290020813,超爱吃香菜HH,2025-01-29 10:13:40,
290054379,by小楠同学,2025-02-17 18:12:03,企鵝3326130373
290456369,一曲离殇诉红尘,2025-01-17 18:42:13,
290556385,孤星残月nd,2025-02-24 22:56:24,
291074193,无敌梓喵大王,2025-02-08 23:12:58,?
291517447,EVA02校条祭,2025-02-16 17:42:37,Q2806514099天使的心跳，灼眼的夏娜，东京喰种，善恶论迹不论心，不求活过百岁，只求心欢喜，家是最温馨，同时也是最容易伤心的地方。
291963189,敬雅-死飞,2021-04-29 10:07:08,前打师...
292606287,烟雨离殇卐,2025-02-15 21:48:46,
295213719,断雁西风不语,2025-01-17 21:45:37,
295664562,KeLep-,2025-01-10 21:09:56,
299632632,我-是你的谁-,2024-12-18 19:45:20,哈哈哈
300318627,好风若水,2025-02-11 22:13:08,路漫漫其修远兮，吾将上下而求索!
301515250,心经里说什么,2025-01-25 01:06:01,早岁那知世事艰，中原北望气如山
306778937,飞翔二哈,2025-02-23 15:00:12,
307116052,潇恒酹,2024-12-24 18:01:21,紫衣薄纱任性美  惊鸿孤影蝶恋花
310571649,床头放着保温杯,2025-02-13 16:32:08,致力于分享好康的
310990338,胾酉,2022-05-09 11:27:33,
311006058,氵YU每,2025-01-17 18:41:22,无
316512257,煮酒侍卿归,2025-02-28 13:51:33,
316898366,NAM0908,2025-01-28 03:11:06,
320817377,夙临璟鸢,2025-01-16 01:27:36,魈梦女，不定期发发自己的魈娃，喜欢bjd可以自行了解 不回答bjd配件问题 雷ai，盗图，抄袭，梦/cp跳脸，看到会删评
321450963,睡醒一杯奶,2025-01-17 18:45:04,快乐不多自己藏好
321588623,实体在说话a,2025-02-02 08:43:15,没啥好看的，就是条懒狗……
321861730,22-33---,2025-02-08 23:06:23,灰灰灰灰
322221345,乞白ovo,2025-02-11 15:15:00,事了拂衣去，深藏功与名
326023033,一只维克托啊,2025-02-14 20:11:17,峡谷s7 8宗师s9王者主中  id：同b站名 无聊接代练只要钻石以下，不收钱封七天别找我。
326705032,兮笙儿,2020-07-19 22:53:50,
326758125,星宫恋羽,2025-01-11 19:05:33,杂玩系玩家，特点是手残一枚，基本什么都玩，看心情更新
327292392,藤松先生,2025-01-27 01:52:12,失踪人口+低创up
328289702,艾森森森森森,2025-02-13 23:21:43,正在努力！  
332726538,塟叆泠尐,2025-02-13 02:28:30,
333148268,对月亮唱首歌,2025-01-26 18:56:34,
335137442,oxygen711,2025-02-15 22:55:00,
335417595,清冷的夏兹,2025-02-04 14:56:20,图片
335615135,嘿哟你个幼稚鬼,2024-12-25 22:14:54,企鹅群：515725799
339216629,我是大匀匀,2020-04-03 01:51:58,走过漫漫长夜
342207425,NEST王,2025-01-13 12:12:33,宁又撅醒辣？
345199672,徐梦夏,2025-02-11 23:54:47,
348894256,乌鸦柚子,2022-11-02 22:04:50,
349394885,我怎么取命,2025-02-15 21:21:26,
349773676,无心pq,2025-02-22 16:14:49,不会打台球的物理老师不是个好游戏博主
350740711,46020244610_bili,2025-01-07 21:19:29,
351150811,坏坏罗伯特,2020-12-13 12:46:55,Here to stay.
351361100,鸣-奏,2019-09-18 21:19:49,自强不息
351539226,西提momo,2025-02-07 00:06:10,
351548896,泥得兰,2019-11-14 22:05:26,
353094283,英俊426,2023-04-24 21:11:47,
353305495,23019269997_bili,2025-02-09 14:21:59,
353307500,墨寒铃月,2023-03-02 00:21:15,迎接光明，愿在黑暗中等待
353647408,tr6r5,2025-02-20 18:39:14,
355196567,舍伍德Niki,2025-02-12 01:23:52,MC老但不是很老玩家（13年），利物浦球迷，喜欢玩如CODM类的FPS游戏
355338172,21664305594_bili,2020-12-05 16:27:10,
360246443,冥肠,2025-02-07 00:12:45,只爱拉黑低能
360604385,枝预,2025-02-17 17:45:17,社恐人不会说话（改进中）
362160726,我飞起来打你的膝盖,2025-01-15 13:28:48,
362456545,粑粑-国王,2025-01-17 18:54:24,
363036109,成都男人就是好,2024-12-01 21:59:19,
363387532,这会很忙,2022-10-06 00:59:38,
366830680,shijexuyaowo,2025-02-28 15:18:55,
366857968,梦楚忧伤,2025-02-06 22:37:46,是你
372626503,绛雨凡天,2025-02-23 16:50:59,
372862955,沣也温柔,2024-12-28 22:00:08,让一让，母牛们，生命短暂啊
373362017,HomeKeeper3,2025-01-29 10:29:00,?
374742988,顾沐亦,2025-01-17 17:31:48,
375216740,o书山小径o,2025-02-25 15:51:47,
379037837,哩哩哩哩哩哩呀吗,2025-01-27 10:22:23,
379474831,Limbo_kk,2025-01-18 20:55:32,AI、music、pokemon
380020779,命混,2025-02-19 19:35:28,
381966045,三万伏特,2025-02-25 01:47:58,可能岸上的人更爱海，海上的人更向往港湾.
382055708,思念し,2025-02-27 09:02:14,阿巴阿巴阿巴
382493266,阿杰与阿俊,2025-02-09 19:18:12,
384042612,千羽小穆,2025-02-16 10:01:59,
384490719,首席造舰师,2019-10-19 18:38:40,穿甲弹负责击穿，剩下的交给高爆弹。
384677122,回到那个梦里,2025-02-14 18:35:43,为谁而生？
384914576,奔跑的小冷,2025-02-23 20:58:24,
385003512,比克Oaw,2025-02-05 14:36:37,二是真的二
385879164,曼城仓鼠猫1101,2025-01-15 09:40:39,曼城球迷一只～
388092833,阿酒不想努力了,2025-01-19 23:04:42, 臭打游戏的 
388442370,夜冥七,2020-08-22 00:03:36,
388915079,未婚紫薯111555999,2025-02-19 17:42:13,
391626062,鸣月逐人归,2025-01-01 14:00:11,
392578293,可爱的爱莉希雅小姐,2021-08-11 20:39:58,
392802183,张锐哥哥生气了,2025-01-29 20:42:01,
392923686,一進廁所就餓,2025-01-12 06:24:51,
393073433,强尼大叔1987,2025-02-26 22:25:49,
393693384,飞飞飞飞烦烦烦,2025-01-23 17:58:59,
393735342,游戏王VRAINS,2020-09-05 22:53:12,
393916405,下北沢第一の突破手,2025-02-25 14:36:10,暑假怎么安排？
394996033,煎PangChen,2025-01-21 03:18:08,
395453071,IREI_麗,2023-01-07 18:18:35,没 有 二 次 元
396786098,明明不喜欢丶,2025-02-21 12:18:02,想想奕狗会写啥
396819330,光明磊落y,2023-07-21 18:49:28,
396893773,爷是夏小雨,2025-01-19 13:50:37,
397076852,勿乌和卜怜肚,2025-02-14 16:23:06,不捏很久了也不提供服务“所有捏脸”均在动态需仔细找感谢体谅
397371702,葱烩的大脑QAQ,2025-01-17 18:41:54,我是废物，但他们给我的爱不是。
397501811,雨天中的星尘,2024-12-26 18:36:14,
398504029,梦想之光的我,2025-02-06 16:14:42,  梦想成真，快乐自我，大家好
399276381,卡齐娜5522,2025-01-10 21:22:00,6666
399484005,来小破站撩青栀,2025-01-24 23:35:23,qq飞车手游s24国一，s43现在榜国一雷诺。
400181695,-Yur_,2024-12-24 17:57:19,无人问津的港口也会繁花盛放.
400485762,時央,2024-11-20 14:21:36,
400963640,-Anubis-,2025-02-22 19:54:57,鸽
401347353,辉夜实在是太可爱了,2025-02-15 17:42:43,
402443701,黑化美术生,2025-02-05 21:37:58,
402580132,听见风的声音6666666,2025-01-08 12:34:00,
402740610,42956624238_bili,2021-11-13 21:19:15,非洲团团长登场！（实力偷渡）
403278057,逍遥纵情,2024-12-31 23:26:43,
404442373,゚狗,2025-02-13 08:35:57,汪！
404512987,奸商kn,2025-01-13 01:38:09,煽动网民，还是网民自愿被煽动，叫嚣着锐评这个锐评那个的锐评观众，他们根本不想知道答案，只要观点的归属感 然后分化、对立、互相叫骂、思想被占用
404894481,沱沱_Trippy,2025-02-27 22:07:16,屹立在悬崖盛开的红花
406826555,区区220V击不穿250的我,2025-01-19 13:51:14,
407207243,24岁是雷普将军,2019-09-27 16:13:42,
407279562,今天的我学点什么呢,2025-01-18 22:51:57,我爱你
409694888,为什么今天又在DD,2020-12-31 20:43:16,流浪落魄体力废柴DD画师
411177980,胤某人jap,2021-04-06 12:38:20,
411534488,汭瑞,2021-01-04 00:27:29,
412417757,o0TUT0o,2025-01-12 10:42:14,
415135550,初代天马,2025-01-30 17:34:53,
415219386,何妨sense,2025-02-01 19:07:56,跟有些人说话不用太客气
416124217,风暴客666,2025-02-15 19:24:38,
416171699,飞飞飞飞鸟儿,2025-01-15 06:52:18,
417345498,Super丶小地瓜,2024-12-20 19:19:23,如果不能飞，那就奔跑
417440062,蓝星在逃指挥官,2020-09-08 18:31:24,我会一直在这苍蓝的天空下，守望着与你的誓约
424471337,闪耀的蓝天,2021-08-03 09:45:17,
426382779,爱分析的小熊猫,2025-02-19 16:45:54,
426893777,68507556684_bili,2020-09-17 22:45:00,.
427371404,别太萌萌,2025-01-17 18:45:08,一放假评论区就看着闹心
432583326,白熊的大斧头,2025-01-23 09:28:28,
432717798,飞向意,2023-01-30 23:23:31,
432936174,czy旧年,2025-02-25 19:13:22,
434003573,粗心的小纪,2025-02-26 20:34:18,
434996396,53222948078_bili,2025-01-28 09:18:32,
435649999,贺文翔,2025-02-26 19:53:39,
435740674,魔法残影,2025-01-11 12:17:51,
436170699,温温是猫猫,2025-01-03 18:24:06,痛苦只是流经我。/合作请私信。
436250998,落叶莫离,2025-02-13 21:13:36,
437044062,游戏控一枚,2025-02-04 23:32:50,本人高三，暂时停更，高考后恢复更新
437228395,古古明流IT,2025-01-17 18:33:39,你是最后的光明
437455869,Draeky,2024-12-06 16:09:30,
437557324,骗子主播我抓定你了,2025-02-17 20:34:44,骗子主播，还我500！！！
438910384,嘉奥不emo,2025-02-17 12:56:54,让emo滚进垃圾桶!
439100719,0mww,2020-07-16 15:36:34,纪念墨茶  
439530968,螃蟹账号切片利杰,2024-12-19 19:35:30,螃蟹切片人员！有需要帮助请私信@螃蟹账号及投稿反诈邮箱：pxfanzha@163.com 加入切片联系@螃蟹账号APP切片
441105892,被雨迷了眼,2025-01-22 20:18:32,
441766728,我是小新83,2025-02-23 18:45:14,
442666058,姚大锤子,2025-02-17 19:33:24,
443099568,此雨落处,2021-07-05 21:12:04,
443245813,小五载,2025-02-05 19:47:23,
443712713,Adamsatan,2025-02-17 22:08:46,5555555555
443878420,Al明黎,2020-10-21 16:40:45,曼陀罗
446054910,忱忱_11,2025-01-28 22:55:55,
447617950,碧蓝航线指挥官丶圣枫,2020-08-20 19:51:58,
450181157,Fries-OvO,2025-02-08 15:05:40, 
450982182,阿尔托莉娅开饭了,2025-01-19 03:56:33,抱着理想溺死吧
451420812,bili_55321203142,2025-01-22 13:32:57,
452572812,coordinate-cuber,2025-02-12 22:44:27,cuber-zbx
455006997,wuthering1213j,2019-08-29 04:37:21,想成为一个温柔的人
455726617,悠夏梦中,2022-04-06 10:11:36,无论社会如何变化，如何进步，那种原始丛林之中的弱肉强食的自然法则是永远不变的。。。
456397481,MidAut,2025-02-04 06:10:59,roblox，我要玩roblox TAT
456514587,泠奈Nana,2025-01-19 17:07:03,喜欢聪明的人，私信不回 放鸽子所属/会唱点小歌的vup/今天你懒了嘛~
457395898,破旧画布,2025-02-04 16:39:33,爱人先爱己，择人先问心
470179343,YYS丷,2025-01-17 15:18:35,哦
470185874,孟之内伤114514,2022-11-16 02:12:44,
471491309,北洋军阀总司令,2020-01-02 22:27:32,
472253697,熊熊燃烧蛋,2025-01-15 12:18:00,
472840486,布洛芬市酱-office,2019-10-19 23:48:32,
473057707,三虾客,2025-01-15 08:05:48,希望有你喜欢的，祝你每天开心快乐。沙雕动画合集收集。
473331712,职业交易员吴伟俊,2025-02-16 12:29:35,
473376787,古惑小狗,2025-02-14 16:45:46,
473652037,战双里的咸鱼,2020-11-30 17:24:54,
474813692,bili_99520005466,2025-02-20 00:00:41,
474963473,街角贩熊店,2025-01-11 22:46:13,
475000887,吡吡波波,2025-01-17 18:45:42,
475518344,火星撞地球漏水,2025-02-22 10:40:00,飞行模式
475759774,别问问就是懒得想,2020-09-11 16:03:25,
475883694,离Thekhoi,2025-01-10 00:31:26,
475938195,小梁kuaile,2025-01-30 10:26:27,
476325044,月是故乡明FFBE,2025-02-12 12:57:08,
477132747,TruckGame,2025-02-02 05:49:51,truckgame.cn
477937421,洛凌依琳,2023-09-01 01:14:22,我愿在世间行走，于茫茫人海之中，拾起陨落的星辰
478199765,愿祈林无恙,2025-02-17 23:30:03,
478655951,黑化肥发挥会发灰灰化,2025-01-15 23:00:23,美索不达米亚
479047021,CS2玩家,2025-02-01 20:52:23,禁止任何与Steam游戏无关的人骚扰我一经发现立刻拉黑名单
479307691,乔治嘎嘎上坟,2025-01-22 19:50:06,
479380071,keywest79,2022-10-06 09:34:19,
479888077,綾音千代雲瑾櫻雪子,2020-12-03 03:45:19,無
480694935,愿作知更鸟ouo,2025-02-12 17:03:45,q：1517594609
481441625,木火C,2025-02-18 22:17:34,！
482022800,悠然自赏,2025-02-15 22:53:34,
484561309,Toxiccc昱,2025-02-12 23:34:58,
486531871,番茄酱炒牛肉,2025-02-08 18:46:25,
487314002,巴沙尔为何不惊慌,2025-02-18 22:27:26,
487437825,nesuo,2025-01-29 14:18:58,
488655111,朝寒ZhaoHan,2025-02-15 00:06:50,没有成男的日子，怎么睡得着觉啊
490778663,フクタラヲ,2025-01-28 14:11:22,
491221450,法号穿山甲,2025-02-06 17:51:17,
492792990,姜承録在逃女友,2025-01-17 18:38:27,姜承録在逃女友???
493983884,列克星敦-official灬,2021-01-23 16:08:56,普通摸鱼玩家 斯柯尔蒂娜-SkyFortressPlan-Official 有事请私聊
495188350,咸鱼蒸菌,2023-04-28 18:55:41,
495323455,末谭要世,2020-08-11 08:21:04,
496676168,银河s超帅,2020-04-06 00:45:25,
498866764,跨时代的约定,2025-02-04 17:13:51,混声音域E4~ C6
498930658,天雨奥,2021-02-26 01:38:52,
499678621,灰灰老师-琴音飘香,2024-12-31 19:16:56,请加VX121024243，20:00-23:00直播答疑
499788578,约翰麦卡利斯076,2025-02-09 04:09:15,我约翰麦卡利斯又回来！！
499832411,北神三逝,2025-02-20 00:38:37,我才是真正的英雄
502038408,原味削片薯片,2022-10-09 16:35:18,
502333752,林-forget,2025-02-20 19:42:29,
502401509,一只想当海军的小伙,2020-02-06 16:39:50,
502860186,赫鲁晓夫-同志,2020-08-04 06:33:45,
505454695,小龙龙F,2025-02-18 17:24:59,
506128336,Darkonlooker,2025-02-11 18:14:33,
508060838,bili_17442393957,2020-02-19 23:44:02,
509230176,你还怪有实力的,2025-02-23 04:41:59,
509277242,小黑在线RushB,2025-02-08 13:46:55,
509706377,黎良玺,2025-02-21 02:28:18,啦啦啦
510296410,热痛息,2023-01-08 18:00:30,
511260181,log-alone,2025-02-19 22:30:35,
511270534,事屑CLC--acter,2021-04-20 23:09:35,ut垃圾画师，淦
511328335,AAA菠萝批发,2025-02-01 10:32:35,
513955129,不觉春衫薄,2023-11-17 20:52:00,
515794980,是小sensei呀,2022-01-28 09:35:47,是个baka呢
517410931,可爱的叶若夫小同志,2021-08-27 13:38:04,
517456017,majfi,2025-02-21 13:03:05,
518541759,南瓜星朴素的元参,2025-02-20 03:01:33,
518751593,呵呵是言午,2025-02-04 14:57:48,这里的是一个渣咋，不要问我为什么叫一个渣咋，因为我就是一个渣咋  LOL但不赢复活赛不回来 
518957576,瑟斯尔sama,2025-01-30 22:37:03,准备直播，重新开始玩吧，心好累
519082954,谭钰哲,2020-08-12 22:04:04,
519506886,王小柒_67酱呀,2025-01-11 21:29:55, 各类游戏区生活区小up主  mtf/xyn
519681323,Respawn_鼎珍,2025-02-21 10:12:02,
520178146,多丶多丿,2025-02-25 15:27:11,第五人格最高万分a71杰克
520372819,黑暗艾路基尔゚,2025-02-01 02:19:26,露门永存
520443733,小小海螺丶,2025-02-23 17:24:45,关关雉鸠
521706071,疫医救赎,2023-01-18 18:50:46,
525476909,伊氏虎鲸,2022-10-15 07:33:19,消失前，做出最温柔的给予，一如那些模糊身影的别离
526173999,操作の盛,2025-02-11 21:09:30,
527227716,b站宇神etc,2025-02-06 17:27:36,
531224014,廓纫,2025-02-01 11:50:33,
544070590,削指,2020-09-08 20:49:29,我削指是有主人的虚拟惹不起  
544486279,见与不见V9,2025-01-05 00:09:02,  见与不见，心之所见，念与不念，镜花水月……
544617048,苏打の老豆,2025-03-01 07:54:15,
552387098,最美的蛮族女孩花花,2025-02-03 18:00:00,
562040131,洛河t,2025-02-25 21:14:43,
565132281,-这片大地-,2025-02-11 12:39:21,冰冻三尺，非一日之寒
568165311,幻龙大大,2025-01-30 16:09:51,
586873938,不会起名的屑大圣,2025-02-13 23:44:16,本人学识浅薄，发表的一切言论仅为个人见解，如有不同意见欢迎讨论
587216261,梦火-,2025-02-13 23:37:07,绿色健康小清新
590745330,时崎狂三的第三个分身,2020-07-22 14:46:15,我是时崎狂三的第三个分身
590852098,韩青禹-梅林娜的锋刃,2025-02-20 01:34:29,行到水穷处，坐看云起时
593707261,伊蕾娜老婆第一可爱,2025-02-06 22:04:05,我是一个不写日记也不写信的俗人， 不求无与伦比的相遇与美丽​
594634768,雨村弘树,2025-02-03 11:47:08,随波逐流
595452938,你短暂的爱意啊,2024-12-26 18:59:31,
595527786,温度计度温,2025-02-01 21:17:09,没什么好说的了呵呵。
597191772,光明未来教教主,2021-10-05 11:10:45,
601050803,SISI_Official,2025-02-17 18:55:39,一个说更新就更新的屑/粉丝群663548237
601326283,小窗_愁黛,2025-01-03 18:46:46,
604180846,苍蓝之誓-喵喵,2020-09-12 20:33:34,成分极其复杂的人 苍蓝誓约，战舰帝国，舰盟，KR都玩
605097457,b站夏树q,2025-02-14 10:36:06,直播时间不定，游戏不定啥都不定(ಡωಡ)
606502103,飘出一片天,2025-02-01 19:10:15,华为a9的服务器崩了，只能暂时剪一剪鬼畜和巅峰极速。谢谢关注，有兴趣的可以加入qq交流群（759923863）
610013374,ILoveCatsssss,2025-01-31 21:52:15,idk
610940020,任天吃饭,2022-10-02 23:40:19,
611062494,风雪夜归人灬冬,2025-01-25 10:21:12,
615486125,叶落归棠,2025-02-25 22:16:54,
616732398,謧殤i,2025-01-17 18:39:01,
626710111,又是费肝的一天,2023-04-19 13:52:28,
627713455,lid39211,2025-01-17 19:07:32,
628386057,司晨不是思晨,2020-07-19 18:18:15,
628899260,曹丞相嬷嬷驾到,2022-10-14 18:40:11,虾龟鸟滚
630680045,恍恍惚惚86,2025-02-07 23:22:38,
631156900,汐凰月,2020-08-05 22:01:29,
638658684,XYing星影,2025-01-31 11:09:37,欢迎来到我的频道，我是星影，本频道会发布测评，游戏，混剪，整活，杂谈，主玩碧蓝航线，我的世界，尘白禁区，鸣潮（米游有号但不玩）
642036311,昱珺0909,2025-02-25 10:44:51,
645938221,pinghaiya,2021-02-07 16:02:17,
646265376,阿尔萨修斯,2021-10-06 12:14:14,
646656281,起好名名難起,2024-12-21 19:55:11,小伙意外觉醒电力系统，从此学习电学功法，电学可分一重天到至尊九重天，只要修炼到至尊便可独步天下，而前路漫漫，小伙会有何奇遇和轶事？且娓娓道来
651682741,秋-秋秋-秋,2025-02-07 08:49:44,-
661148571,lucky_026,2020-08-08 21:55:16,coffee～
662082847,灰原羽兰,2025-01-17 18:42:57,秀哀贝哀世哀各种都吃。姛人。已有女友
670293755,StarOcean-辰海,2025-02-10 09:28:02,星辰若海-辰海
670718355,Bocchi_波奇酱,2025-02-10 11:13:36,世事如繁星耀眼 繁星若烟花易逝
674225412,_不_会_取_名_の_愛_,2020-09-07 16:48:21,刚来B站，新人，还请各位多多关照
677326420,逆风木棉,2025-02-21 00:48:21,
678241052,候爵勇,2025-01-31 11:57:34,不曾恐惧过的人，不会抱有任何希望。
678410140,神也眷那菻玖,2025-02-14 09:16:36,
679240425,teamandteam,2025-02-06 14:03:19,
687381422,公益帮找,2025-01-29 08:02:58,需要找回的！私我发联系方式！
689307835,BT小秋,2023-05-07 22:45:28,
689541089,咪bro,2024-12-24 15:51:33,嗷～咪bro
689863024,蓝斯猫,2025-01-17 17:30:58,我叫蓝斯，是一只有鳞片的猫猫
691185553,NoKnockBack,2025-02-21 09:36:42,
692655861,xisohanghang,2023-07-14 21:59:49,
693599719,无师qscb,2025-02-27 09:15:15,
694433275,Tizianus,2025-01-31 18:59:46,
694757973,思考哲学的米诺斯,2022-12-13 22:35:22,思考人生中，持续思考人生中……
695902685,白某会吱吗,2022-12-19 21:29:20,怎么说呢？不好说
696696025,大哥不爱开丸笑,2025-02-28 23:09:31,
696732918,音叉断c又漏键,2025-02-28 15:19:06,
697678288,炼天魔尊于此,2025-02-08 13:13:27,不过是鲜许风霜罢了
697824688,闪光的莉莉娅,2025-02-27 16:34:59,
700718020,小歌Final-唱见连,2025-01-19 23:27:28,很内向，和别人聊天都要打100遍草稿
1007644419,奶司兔蜜尤,2025-01-15 16:06:50,
1016479823,芜湖老黑墨ink,2025-02-03 22:24:40,掉落一天内不回默认另外找人出 会做兽装 原名胖白石后面改名了 大家可以叫我石头 每一只兽设都有版权保护 抄袭后果自负
1017220527,哦芒果李鸿敢,2024-12-19 20:30:25,
1025057937,许愿魈,2025-02-01 10:01:10,
1025998181,被窝里の时雨,2025-02-09 22:52:38,
1029407995,bili_11098274116,2022-01-15 18:51:05,
1029620877,亹彝,2025-02-19 17:13:52, 马蜂我凑尼玛
1031315724,碧蓝百科,2023-01-05 06:31:59,
1040219954,笃信2,2025-02-20 15:36:50,
1047482221,我要玩鳊鱼八十,2025-02-26 23:02:12,
1068481809,星璇依,2025-02-02 19:25:06,要考郑州大学
1072918529,SEVENms308,2025-01-17 18:44:57,
1074708193,Hei米,2025-02-06 01:33:23,
1077507462,天天不好吃,2025-01-27 18:04:33,
1081301125,后藤蒙,2025-01-27 19:53:46,
1081429998,枪出敌军退,2025-02-01 01:21:09,
1094186896,bili_17015881369,2025-02-28 00:20:53,
1099779312,杉杉你干嘛,2025-02-12 01:35:25,
1100821023,全都是呢称已存在,2025-02-01 13:43:40,
1102924621,爱吃的迪子,2025-02-18 12:00:32,一个喜欢哆啦A梦的小up，收藏夹里整理了一些大山版资源
1114868898,圣宣亡蝶三葬,2025-02-20 21:40:28,
1126371474,北风赛尔号工作室,2025-02-13 14:06:30,长期收售赛尔号 螃蟹盼之平台 合作号商  已出赛尔号账号800+ 永久售后 退坑包回收 企鹅号1494249359  没回主页动态扫码WX 
1134957027,小闪电不要哭,2025-02-20 07:03:04,做我想做的事 爱我身边的人 珍惜我现在所拥有的一切 
1149229333,百合铃我的爱妻,2025-02-03 21:13:31,想用桌角碾碎眼睛
1155288405,PVP大虫它,2025-02-19 14:34:01,破防就是破防，我说的有不对的及时指出，要不然我会跟你杠到底
1170098319,二哈就是赫赫喽,2025-02-03 09:08:28,
1181439461,哎呦呀你干嘛呀,2025-02-04 22:08:47,
1204634132,那兔哟-反日,2025-01-15 17:41:56,保护海洋，人人有责
1216775991,青鱼阳时,2025-01-31 22:07:40,
1230832326,莎露朵,2025-01-31 19:04:42,中考后再见。
1240986035,头像本人玻璃心,2025-02-01 18:11:23,
1248027038,干得真好真好,2025-01-10 18:04:17,我去，我在干嘛呀！我靠！
1258974882,关小雨华丽登场,2025-01-12 01:25:12,
1263669063,小爱头头,2023-09-25 09:14:01,口罩姬
1271132236,咬住秒针不是我,2025-02-03 10:03:52,
1279776579,花阴--,2025-02-12 00:17:48,
1283962650,骨灰盒小处男,2025-02-24 23:04:45,
1296476466,玖弦喵,2025-02-18 08:08:01,粉丝群(服务器群) 168030556 
1305547109,生姜一,2025-02-18 20:40:24,一个新人UP主
1329673546,一只小小的stan,2025-02-18 13:33:45,
1332654806,基基先生IL,2024-12-21 19:16:06,
1335747152,看我滚刀滚刀,2025-02-01 19:12:35,
1339518507,1312154556,2025-02-13 07:29:45,
1348672272,神佑夏天,2025-01-31 19:21:57,
1352572402,赤炎小飞龙,2025-02-08 18:16:09,我会支持每一个热爱高达的人，私信我不会设置，所以我接下来会私信每一个支持我的人，学画画也是学疯了
1359599267,月山冰河,2025-01-26 14:33:31,
1368961525,让我们来世相遇,2025-02-15 13:58:26,
1369884674,lskural,2025-02-09 11:38:35,
1388105062,晚风6啊,2025-01-11 17:09:52,
1390940440,曦霍礽怯,2025-02-07 22:23:19,色号为什么这么恶心啊！！
1391437459,Alexwzy3,2025-02-09 01:44:08,
1414171164,Melinas_Blade,2025-02-05 18:24:08,
1423685759,白虎本人暗区突围,2025-02-15 22:04:56,本人俱乐部v：18302825528(客服/考核） 混丝裙：943700311(粉丝群棉费带粉)
1425782828,我才是爱吃面包的鱼,2025-01-31 19:48:23,专业腕力，不专业游戏
1427845982,貪心魚魚,2025-01-20 14:15:04,唯有爱能穿越时间和空间 
1436255178,秋忆怡_,2025-02-15 23:59:56,
1440727830,Leo同学,2025-01-17 18:43:13,
1458773577,王大伯母老虎,2025-02-02 16:29:43,
1463103744,sxy0723,2025-02-13 19:24:33,
1465106504,初夏-薄凉,2025-02-08 21:36:20,
1494495825,熊孩吃我一拳,2025-02-15 23:47:20,
1504760958,4587950745,2025-02-17 21:06:14,
1513911645,开朗大军第二军团长,2025-02-07 18:19:33,
1530519283,EEchN,2025-02-07 22:18:55,1
1534219848,蔷薇刺客青龙_blacksuit,2025-02-06 21:11:04,
1544593602,夜飞舞的流萤,2022-03-07 19:35:40,我自涅槃归来，亦为誓约重生
1546380266,独立思想者1,2025-02-13 18:23:29,流血与牺牲是一代人的事，思想的禁锢和封锁是反人类的错，自由民主法治才是人人都能辛福的唯一道路
1554905472,温柔袁,2025-02-16 02:13:57,喜欢简单干净的生活
1568288013,负负得郑-冲千粉版,2025-02-03 03:54:14,接广商务合作:KLdz24 VX 3586476377 QQ  一个13岁的蛋仔up 名字警告证证得郑(应该是)
1579325062,I往情深,2025-02-28 12:03:56,
1582638081,绝望之歌180天版,2025-02-04 18:46:55,我是论战圈up绝望的歌被封了180天，看到了的话，关注一下这个号，都会回关的
1615346100,dongliang1234,2025-01-31 16:02:13,
1631622165,Restpo,2025-02-15 23:57:30,qq 2672576984（唔西迪西
1645174408,nyzty6,2025-01-02 14:49:54,我为了证明仓鼠的全身是免费的，所以要去薅叔叔的羊毛，每天登录，进直播间，刷五条弹幕。300天后就是1500条弹幕！奥利给！
1649539221,kickbirds2023,2024-12-20 18:11:29,茅台学院喝茅台
1653242862,送你一场黄昏呀,2025-02-01 11:04:45,
1665712845,HeritageOfficial,2025-01-27 10:03:50,遗产。
1672280100,小狗剩儿6666,2025-02-12 17:34:40,
1686273785,尼桑--,2025-01-26 19:41:55,
1686506128,星期几啊辛弃疾,2025-02-06 16:40:26,这个人有点帅，什么也没说。
1686931777,hbhhnm,2025-02-23 13:01:54,
1688140814,一只麻雀船长,2023-02-01 18:39:00,求求，m的命也是命，各位s不要说方言！ 皮鞋最吊
1694841139,bili_36296409788,2025-02-12 18:11:26,
1695542594,点击阿童木,2025-02-22 12:42:03,好
1695806022,wukasama,2025-02-06 12:19:59,本人很很很很很懒，更新时间很慢，不过不会不更，一个月至少更一次
1710567177,凉凉鱼-akin,2025-02-04 22:18:13,你们好鸭， 我的梦想是成为百大， 我会继续努力的， ψ(｀∇´)ψ
1717873195,只想躺着数山羊,2025-02-15 06:12:40,
1722129640,bili_98433675734,2024-08-20 16:50:10,
1725148588,゚NNNH,2025-01-27 01:43:12,开学啦 没那么勤更视频了 afdian NNNH_a
1726427861,codm-黎泥,2025-02-05 23:12:25,累(⑉•ᴗ•⑉)
1730791753,是子泽啊,2025-01-17 18:41:47,苍山负雪，明烛天南 
1733387001,长野原烟花店宵宫,2025-02-03 11:53:47,V：XIAOGONG998
1736982833,啥都小花,2025-02-14 17:31:20,不定时摸鱼……
1737992338,段子尼木,2025-02-18 15:44:55,可是我的自卑胜过了～一切爱我的～
1740521207,这把怎么赢_,2025-02-08 22:09:25,
1740634987,Panda1207a,2024-12-20 19:13:46,
1746271158,MC_鸽使,2025-02-20 18:03:36,
1748835092,狩叶の妙乐多,2025-02-10 01:43:28,上号！暗区！
1763223536,春原-心奈,2025-01-17 18:27:36,
1764715414,你的未来阿,2024-12-15 03:41:11,
1771228075,嘻嘻sssssaa,2025-01-17 18:41:32,
1775175193,Str_java,2025-02-07 09:47:38,minecraft bedwars～ 
1784039182,元气少女浅梦酱,2025-02-01 13:15:47,
1790992022,有故事的Shuu鼠,2025-02-06 22:32:25,
1807302412,珊粟粟,2025-02-07 21:07:33,想干嘛？我问你你想干嘛
1808060903,我要放个风筝ac,2024-12-26 19:29:14,q2716515315（备注来意谢谢）直播时间在裙里裙裙∶600402045进群可点歌欢迎来玩
1811920041,烟花与她-,2025-01-29 19:48:31,cs2dishou
1814231190,三无清然,2025-02-05 11:33:26,设计的故事，要有笑声。
1837893198,yuchengze,2025-02-15 10:26:48,
1840887750,旴江月,2025-02-19 16:34:11,
1842975645,土方雅问2,2025-01-12 06:08:17,
1853861106,小维娜不爱香菜,2025-02-15 17:11:14,初三学生 国际服A宿伞A心理 省标小乔 大乔 甄姬 妲己 貂蝉 瑶 孙膑 虞姬 香香 爱打游戏qwq
1858486319,元涛-,2025-01-26 11:38:33,
1859005477,汐汐鰰,2025-02-24 10:24:35,
1859896780,寒陌一尘,2025-02-02 21:19:47,街喧闹，人过往，且记曾相识，不为少年留
1868667129,李日月轩,2025-02-18 12:24:25,始终保持我特有的高素质
1876593083,Lop___,2025-02-22 22:53:04,我们再找一次夏天， 祈求森绿的百鸟重回。 爱门 
1881342421,叶腐人间体,2025-02-07 01:40:39,用哈气的方式体验胸腹式，腹部用力，嘴巴收紧。
1890065184,2365189ID3002468,2025-02-13 09:26:50,189越南大母猴
1891027885,泉奈Yaa,2025-01-16 11:50:36,
1898593582,某辰辰辰,2025-02-13 19:21:06,
1898700615,洛杉矶OD王Nikki666,2025-01-15 00:51:06,妹子们扩列私信我（叼玫瑰）只走Q，只扩滚妹无雷点可直接加！
1900477006,板鱼a,2025-02-17 21:21:07,
1901210167,喵喵喵鱼喵喵,2025-02-04 09:53:27,
1906342531,橙小嘟leo,2025-01-30 09:48:51,。
1907850310,瀑布下的木屋,2025-01-27 20:42:38,
1913070277,盛唐の刑部尚书,2025-02-16 14:27:00,
1930009735,萝莎莉娅的睡美人,2025-02-28 12:10:52,
1935563537,魔鬼筋肉人悟空,2025-01-14 13:42:55,
1941967825,bili_84294852984,2025-01-09 01:14:48,
1942395983,深情的bull,2025-02-01 09:30:08,我相信日久生情，也相信一见钟情，唯独不相信这些事会落到我的头上
1947764664,花城崽,2025-02-19 03:27:48,
1948643917,学语文的汤圆,2025-02-23 10:53:06,       【mc骨灰级老玩家 可加好友】 『互粉！！！』    对了，既然来了就点个关注再走吧！@                   
1954527557,灵魂猫草,2025-01-17 18:44:28,ovo
1958232482,狗子爱喝蜜桃四季春,2025-01-09 13:39:05,
1975728925,当当男模点点富婆,2024-12-19 22:23:14,
1981191230,18被迫进厂,2025-02-01 13:44:57,帅帅的我 
1983658082,夜陌恒,2025-02-25 11:53:12,
1993811441,癫癫癫癫癫癫癫火之王,2021-10-09 00:20:53,我无坚不摧将情藏的隐晦
1999782722,论心绪,2025-02-11 02:14:17,
2002987986,中二少年装逼梦,2025-01-22 08:34:37,学生up刚做视频更新会比较慢。
2003422863,木瓜玩游戏,2025-02-18 10:28:38,蛋仔id墓刮，只在上午不定期开播，技术很菜，情商很低，交友慎重 注：想要好友直接加，有位置我都加，不要再弹幕里重复
2038467381,让米国跪在太极旗下喵,2025-02-21 19:06:48,
2054003859,迪迦奥特曼_闪耀型,2025-02-18 19:04:15,迪迦把我借你的光还给我吧，已经没光了...
2054524674,雨落我自舞,2025-02-13 14:25:09,
2058882585,白老师带你,2025-01-16 00:18:06,大家好！我是白某人，第五人格ID:B站白老师，声控主播！叫我老白或者大白就行！喜欢的点个关注吧
2062437455,蜜雪冰城宫方号,2025-01-31 19:13:23,
2069066802,卧龙-難有,2025-02-13 17:25:05,
2069177812,bili_46968603798,2025-02-19 19:13:08,
2085116427,无敌的好少年,2025-02-17 19:21:52,随便玩玩
2095502501,随风而去吧q,2025-01-30 18:36:13,
2097951117,阿布咕咕咕,2025-02-12 13:40:31,做和自己爱人的猫meme
2107155225,火海咒鬼,2025-02-09 09:14:47,
2107387047,失败的曼mc,2025-02-14 19:50:02,用mc音效剪辑搞笑视频，感谢你的喜欢，点个关注不迷路~
2113194559,霧切り響子,2022-03-04 22:03:05,
2129256284,温淳朴,2025-02-04 19:20:10,
2139046622,煙ui,2025-01-31 16:18:54,
2144292901,药雀,2025-02-08 14:09:22,  
2146506294,ZZzejy,2025-02-07 18:51:20,
2146895351,暗区破产老鼠仔,2025-01-31 09:43:46,不喜欢作业的up主 我还喜欢拖更哦。诶嘿
3461562178210736,飞龙谷之歌,2025-02-01 21:39:10,
3461565531555975,一只开心的德意志球,2025-02-20 11:35:18,
3461566559161062,wishnene,2025-02-08 22:43:49,
3461567398021950,criiisteal,2025-01-24 23:26:11,隐形人
3461569562282288,账号已注销,2022-11-07 16:27:47,
3461570470349194,三角洲Sc,2025-02-01 11:46:08,
3461572231956757,鹬真的想睡觉,2025-02-24 18:14:07,
3461574608030486,草履虫-大王,2025-02-19 18:01:05,这是一个画画的草履虫，，，，， 生日:1.19 史同，ch，二次元，infp小蝴蝶 推.诸葛亮 瓷 苏 爱莉希雅  小鸟游六花 虹夏
3461575499320122,没动却好阿紫一哟,2025-02-23 16:07:49,欢迎(￣O￣)ノ
3461577212692576,是椰子er,2025-01-20 00:45:22,在追光的路上赤诚亦勇敢～养成系歌杂笨蛋(？～ 直播时间：23:00-4:00～
3461578311600799,以白之白,2025-02-04 23:27:24,
3461582910654964,小林02880977,2025-01-30 16:13:43,
3493076395887422,神马KILL,2025-02-07 23:08:42,
3493077230553817,来吃油饼,2025-02-10 22:02:25,
3493079573072106,阁下不同随风起,2025-02-28 21:52:18,
3493080957192269,小ICE呀,2025-02-24 15:04:37,原神绝区零代代 vx：ICE875221
3493090719435007,无敌维酱,2025-02-23 17:22:44,
3493092193733346,l星野爱l,2025-01-31 20:41:16,
3493095024888119,星星の诗,2025-02-20 23:27:27,收复古，甜系胶带。
3493095328975187,宫子琪,2024-01-02 00:55:07,今天的我你爱理不理，明天的我你还爱理不理，不是你这人咋这么没礼貌呢? 
3493105632283013,螃蟹切片小明,2024-12-21 07:59:39,螃蟹账号直播切片，分享直播间日常@螃蟹账号@螃蟹账号APP切片
3493106106239220,陌上あ路,2025-02-21 20:55:14,
3493106194319397,Faithあか,2025-02-19 17:01:20,夢は希望です
3493106244651466,苏羽墨还是小孩纸,2025-02-14 06:39:20, 
3493106993335259,冬雪难掩思念,2025-02-10 21:33:01,
3493108184517181,bili_87619132213,2025-02-10 10:40:05,
3493109186955791,桃花若隐若现,2025-01-31 21:30:06,哈哈哈哈哈
3493110633990867,jnsztm坤坤,2025-01-29 22:27:01,
3493111391062420,是帽子汪,2025-02-14 21:06:17,
3493115826539064,海盐苏打shui呀,2025-02-13 18:49:37,roblox交流群:527561689
3493117193882360,一只荔枝的李子,2025-01-22 02:52:28,
3493119842585132,w新V,2025-02-04 15:38:36,
3493120396233539,超级大绿皮,2025-02-13 23:05:08,waaaaagh
3493126115166732,云溪喜,2025-01-31 21:54:25,中间商赚差价
3493129523039048,大金毛ovo,2025-02-13 23:50:50,直播号：今天也在画工图呢
3493136930179555,五月份的肉包子,2025-02-13 17:34:40,金穗遍野，再无饿殍 好好吃饭，中野五月
3493139629213706,穷养小宠,2025-01-17 18:45:03,
3493144465246992,飞向深空A106,2025-01-10 19:02:14,
3493263067580696,杨信-,2025-01-02 14:04:20,
3493276684388581,是羽毛捏,2025-02-28 16:32:12,
3493279001741849,龙岩第一,2025-01-17 18:41:28,
3493281184876842,糕冷小荨,2025-02-18 18:55:24,
3493286039783430,-啪哒一下就不见了-,2025-02-02 18:16:11,我只是个透明人。。。（只会随便做点视频，还有圈子混的很杂）
3493292127815955,蒙面好汉苦涩生真,2025-02-13 12:12:25,特摄厨，奥骑战队  
3493292647910004,真实球迷汇的父亲,2025-02-17 01:00:20,
3493294468238071,龙虾游戏交易APP,2025-02-16 14:52:07,脱坑入坑就上龙虾游戏交易网 0手续费，账号找回100%包赔
3494356268878089,三日___,2025-02-02 13:04:34,
3494360406559664,雾中人117,2025-02-12 20:16:37,
3494365154511165,新城莓冻,2025-02-15 10:05:40,小镇做题家（×）魔都错题集（✓）
3494367283120548,静沧,2025-02-20 13:08:46,刀哥，我想你了
3494372662315057,茶rua不是茶,2025-02-01 00:58:17,Roblox：Little_tea（要加提前和我说否则不会同意）混Roblox的一只UT党
3494373476010171,BIGFAIR2,2025-02-04 11:21:37,
3494374457477279,bili_20526453321,2025-01-24 16:46:39,
3494379771660394,鲸辰cetaceanstar,2025-02-09 19:05:08,这里是鲸辰，是一只虎鲸猫。主混furry圈 猫武圈 滑雪圈，同时也是一各航拍爱好者！现在是高中生，所以可能大部分时间都不在线 半装装师：叮当
3537105105980038,黑剑万敌,2025-02-10 19:26:15,听天，不会由命
3537114325060344,尤野可可星,2025-01-28 04:27:01,感谢关注呀！我是奇迹星星！ 直播时间：22:30-0:30 【海上世界所属】
3537117292529942,無名火貫穿碎骨,2025-02-03 21:42:16,
3537117590326060,不知道14538789,2025-02-12 14:33:23,
3537118076865073,凌霜晨z,2025-02-21 18:22:13,
3537120048188212,Up山寨版-俗爱集团,2025-02-09 23:55:35,
3537121409239550,bili_95912001177,2025-01-01 10:48:29,
3537122841594801,NLF阿森纳,2025-02-07 22:26:39,
3546374687689001,实貌秋,2025-01-31 20:40:29,
3546380788304200,黑黑蛤,2025-02-22 23:31:20,
3546383483145124,兼职单结有意私1,2024-11-11 14:15:51,兼职来
3546386098292792,bili_3546386098292792,2025-02-17 22:22:07,
3546554117916828,砂糖丶橘子,2025-02-20 09:44:18,
3546554589775935,雾中人雾中见,2024-12-30 03:50:01,
3546555317487968,NO勃,2025-02-17 13:11:12,
3546556863089541,神秘电棍男,2025-02-15 19:22:59,
3546557964094225,都会死结合实际,2025-02-14 15:31:39,
3546560937855568,究极蘑菇君,2025-02-02 07:31:53,
3546562059832262,海与天的结界,2025-02-15 10:38:28,暂时以出售账号为主
3546575487896141,百万超比大师,2025-02-04 09:29:20,
3546578392452027,bili_69154685565,2024-12-29 12:00:40,
3546580107921672,智者生存1,2025-01-29 09:11:08,
3546580774816570,Agovi1,2025-02-15 19:19:31,
3546581517208373,震惊虾咪第一犬,2025-02-13 01:26:37,
3546584230922604,bili_23500869206,2025-02-15 19:46:56,
3546584635672986,寒尘哥,2025-02-14 20:23:41,
3546585919129997,啦啦啦啦啦啊啊111,2025-01-05 13:21:12,
3546586034473898,乌鸦゙,2025-02-15 17:34:10,记录游戏日常
3546589972925298,韩杨哥,2025-01-31 18:35:04,mei
3546602539059745,豆豆鹅鹅,2025-01-30 18:02:32,
3546605301008638,冫穹冫,2025-02-10 10:17:27,
3546606322321914,初遇绵,2025-01-30 22:52:45,诚信互关
3546606540425898,槐榽,2025-02-02 12:15:59,
3546606890650399,地铁逃生WB俱乐部小白,2025-02-17 13:25:20,地铁逃生白菜价护航，下单请加粉丝群！q:1025014601
3546608589342963,A2025026072,2025-02-25 14:52:34,
3546609358997956,奇怪74,2025-01-31 10:27:56,我要开学了
3546611770723148,浪漫与荷包羊,2025-02-19 11:13:49,?不知名名柯剪辑ヅ ?主推怪盗基德，磕新兰，快青，平和 （盗视频自动为我挡灾）
3546612739607292,曦曦不喜欢吃火龙果,2025-02-06 19:24:10,
3546612896893739,錢肉呆,2025-02-28 02:55:10,
3546617586125058,卓宝9,2025-02-02 18:48:43,
3546618685032998,诸神炎凡,2025-02-11 22:31:59,
3546620935277352,爱坤1y,2025-02-01 22:52:39,
3546625802766348,Freedom超爱基拉大神,2025-02-08 12:19:08,
3546630680742193,办信用卡的,2025-01-30 22:03:34,
3546636072520671,李淋漓_,2025-01-31 21:55:47,
3546638188547007,春奈桃生,2025-01-22 12:58:49,
3546638886898072,-朱雀-,2025-01-30 16:52:31,
3546643179768320,哮喘帝,2025-02-01 08:28:05,祝站在你面前的这个人是个死人
3546646000438062,爽文冰月苦茶,2025-02-20 13:46:34,哈基米多 娜娜美撸多 阿西噶哈呀咕咕奈撸 哈基基米多 娜娜美撸多 阿西嘎哈呀 曼波曼波 哦马子gi曼波 砸不砸不 耶哒耶哒漫步
3546646816230193,小天使安苏,2025-02-02 10:03:26,百分百纯血小狼（嗷呜～）
3546649611733832,你素哥吃牛肉,2025-02-14 23:35:23,坚持履行以人民为本，以劳动为荣，以无产阶级革命为主体的，领导人民，解决人民需求，切身处地的帮助人民解决问题，坚定人民公仆信念，为人民当家作主
3546651524336161,屑寒鸭,2025-01-31 20:08:31,
3546653539699022,guitarKose,2025-01-31 20:06:48,
3546654412114328,皊弌,2025-02-18 21:50:15,混ch，瓷推，变成一体机了
3546657801111566,Granny_amn,2025-02-21 08:47:27,??
3546657941620892,maus_qwq,2025-02-22 10:02:40,阿米诺斯
3546661859100886,溺懵斗士一出退弹嘻,2025-02-21 18:17:02,溺懵斗士一出嘻嘻哈哈不看呢退呢弹嘻嘻哈哈溺懵斗士一出嘻嘻哈哈不看呢退呢弹嘻嘻哈哈
3546663696205861,胡桃厨_摆烂版,2025-01-16 15:20:38,有人聊天吗
3546664228882939,光阴似箭2110,2025-01-15 16:06:34,Heath_Official，生存是需要勇气的！ 月计人之一，对术力口劲啊！ 头像来源:晓朕子233
3546664923039789,bili_70907560544,2025-02-11 10:37:30,
3546666353298254,白哥3054,2025-02-11 15:48:49,
3546669589203528,柒柒玖玖玖玖玖,2024-12-24 16:39:33,出物专用号～ q裙：984907672
3546673932405021,鱼鱼要下饭,2025-02-09 21:18:45,感谢关注559193515
3546678571305862,洛夜Lyyy,2024-12-24 18:11:31,
3546679720544433,七海千秋睡大觉,2025-02-13 22:12:12,
3546682492980135,bili_20148485110,2025-01-22 10:33:34,
3546687802968591,忒抓紧时间去,2025-02-15 12:02:19,
3546691336670062,南宫婉在水中央,2025-01-19 02:15:49,
3546697433090875,bili_10878400291,2024-12-03 22:20:53,
3546699544923012,库洛米娅_kuromiya唱歌连,2025-01-19 00:52:57,梦想成为有钱有爱有自由的人类 不会咕蛹的深海游泳裸海蝶不是一枚好歌手 直播时间：最近忙现实生活中的事～晚上啵啵哦 扣扣群：499380559
3546706538924479,chukaising,2025-02-16 13:43:39,
3546712482253275,7881陈哥,2024-09-17 20:37:03,
3546712687774428,85岁在逃娇妻,2025-02-10 16:09:36,
3546714766051680,鱼宝撑不死-Livia,2025-01-20 18:55:16,
3546715286145502,被诈人,2025-02-25 01:09:21,
3546715328088849,呜呼轻,2025-01-22 21:13:40,
3546722898807416,LZY和LC999,2025-02-09 16:25:50,
3546723471329764,欧尼酱说了算,2025-01-30 20:39:59,
3546725341989852,原忻hi,2024-07-25 19:13:10,
3546725912415190,玩高达的四眼侠,2025-01-16 12:19:51,
3546726034049411,886哈哈哈哈哈哈哈哈,2025-02-18 00:17:52,
3546729511127315,bili_3546729511127315,2025-01-15 17:46:32,
3546736991668418,阿均哥哥哈,2025-02-02 14:43:32,
3546737820043352,啊还活着,2025-02-14 16:54:10,
3546738054925065,穿上校服继续工作,2025-01-15 15:42:48,
3546739669731807,抽象的小子,2025-02-15 20:48:06,
3546743113255275,ninoninokkp,2025-01-28 15:29:50,
3546746856672135,bili_39508439186,2025-01-30 10:45:45,
3546747980744929,落落落落落落落落落下,2025-02-20 17:05:03,
3546750480550601,林更新up,2025-02-02 12:56:50,
3546756832823963,163865566,2025-02-06 18:31:38,
3546757577312522,アユー,2025-02-01 09:19:32,??看什么看，还不赶紧关注我
3546758575556817,bili_56133593093,2025-02-14 13:00:09,
3546762522397022,桂悠,2025-02-25 14:43:25,
3546765523422083,晚起龙浩天,2025-01-29 21:48:39,
3546768048392314,悲观者的黎明,2025-02-12 19:16:34,
3546768927098956,奥王哟,2025-01-28 20:54:52,
3546773022836854,哇嘻哈马达啦,2025-01-09 12:54:45,
3546776416029157,嘎嘎JK罗,2025-01-13 10:26:17,
3546779289127592,恭喜原陌,2025-01-25 18:01:09,那咋了？
3546779295419272,a云溪-唱见连,2025-01-20 17:22:13,希望忙碌的你在黑听中能治愈你的疲劳-目标是百舰唱见！直播时间 9:00-12:00
3546781178661284,我是中山哥,2025-01-26 13:15:23,
3546785788201054,风中卍追风,2025-01-26 11:36:19,
3546785953876410,闲不下来的-鱼,2025-02-15 20:37:15,
3546789386914453,千岁-羞涩腼腆的女孩,2025-01-19 17:49:32,直播时间14-20 经常迟到嘿嘿 朝朝暮暮 万千欢喜❤️  一位养成系的唱见 期待和你的相遇  谢谢宝宝们喜欢 岁岁会更努力哒！！！
3546791884622477,闫_盼盼,2025-01-03 19:23:30,新年好，孩子们
3546792014646063,来份小喵卷_,2025-01-19 14:27:35,全宇宙最可爱的单核处理器 直播时间早12-  晚9-
3546794304735692,咖邋蜜,2025-02-27 13:10:58,
3546795827267944,炸天帮罗锋,2025-01-13 17:43:54,
3546801166617247,钟离飘,2024-11-20 11:24:46,
3546804180224334,是小敏吖515,2025-01-19 23:34:52,我是   是小敏吖  声音多变  可甜可御 直播时间：不定时空降 来这里我们一起读文唱歌聊天啊
3546810702367276,昵称怎么都重复呀,2025-02-25 15:35:51,
3546814942808901,sky白於,2025-02-01 13:45:12,
3546815332878728,痛风的灵,2025-01-11 00:30:54,
3546817365018719,小岛无回音,2024-12-20 18:08:52,
3546821485923039,鱼片小猫,2025-01-20 10:07:18,做一个善良性格坚毅的美女 唱给你听！ 爱出者爱返 福来者福往 直播时间 10:00～14:00 19:00～23:00
3546822572247871,雯雯想爬山i,2024-12-24 17:47:44,
3546822660328361,教育老师莉莉,2024-12-24 15:15:57,
3546823476120338,bili_3546823476120338,2024-12-24 16:12:34,
3546823711001341,弥弥饿不醒,2025-01-19 23:16:00,年后再来，大家新年快乐 人生如逆旅，我亦是行人 每天晚上八点直播 唱歌/杂谈/游戏
3546824419838089,喵喵姐温柔可人呀,2024-12-26 19:01:21,
3546824879114838,拳皇打游戏,2025-02-01 22:49:13,
3546825439054245,卡卡小飞机晚点,2024-12-28 22:19:32,
3546827529915318,辉辉oooi,2025-02-06 14:19:31,
3546829845170644,账号已注销,2025-01-12 00:45:52,
3546830520453172,乖乖露lu,2025-01-07 15:34:20,
3546832214952242,咲良うた12,2025-01-27 08:47:28,
3546835132090897,mamjs,2025-02-01 11:20:17,
3546836082100816,Mavhjb,2025-01-30 18:05:30,
3546841148820259,bili_80655196208,2025-02-28 07:36:24,
3546852152576418,不爱画画的狸花花,2025-02-24 19:01:53,我为救人而来，不该因背叛而去。
3546853014505640,李蓝嘛,2025-02-11 22:02:00,
3546857179449673,bili_31312609758,2025-02-28 06:17:15,
3546859926718880,125758599994485,2025-02-23 20:23:49,
